<?xml version="1.0" encoding="UTF-8"?><project-private xmlns="http://www.netbeans.org/ns/project-private/1">
    <editor-bookmarks xmlns="http://www.netbeans.org/ns/editor-bookmarks/1"/>
    <open-files xmlns="http://www.netbeans.org/ns/projectui-open-files/1">
        <file>file:/D:/Dropbox/Quadcopter/software/quadcoper/Quadcopter.X/variables_globales.h</file>
        <file>file:/D:/Dropbox/Quadcopter/software/quadcoper/Quadcopter.X/main.c</file>
        <file>file:/D:/Dropbox/Quadcopter/software/quadcoper/Quadcopter.X/main.h</file>
    </open-files>
</project-private>
